{"site_2_data":[{"name":"desert","S_CO2":112.345727330007,"S_CH4":0.31560727990541,"S_N2O":0.344227144686273,"F_CO2":18.7575807337944,"F_CH4":3.7982437401118,"F_N2O":-2.88488687328781,"D_CO2":131.103308063802,"D_CH4":4.11385102001721,"D_N2O":-2.88488687328781,"swRFV":4.28875298156658,"latent":0.243868765282644,"crv":128.631615138934},{"name":"tropical_pasture","S_CO2":176.417704909316,"S_CH4":0.179724175178138,"S_N2O":0.188631363681144,"F_CO2":61.3887011597475,"F_CH4":-73.5058459868423,"F_N2O":-36.2896904480578,"D_CO2":237.806406069064,"D_CH4":-73.3261218116642,"D_N2O":-36.2896904480578,"swRFV":0,"latent":[],"crv":[]}],"site_1_data":[{"name":"tropical_forest","S_CO2":715.481930448906,"S_CH4":18.5897095138668,"S_N2O":11.2808552885403,"F_CO2":264.088404311696,"F_CH4":4.53053004775435,"F_N2O":-43.9477537844218,"D_CO2":979.570334760601,"D_CH4":23.1202395616211,"D_N2O":-43.9477537844218,"swRFV":508.405640949759,"latent":752.04989617801,"crv":1213.66793105459}],"site_0_data":[{"name":"temperate_grassland","S_CO2":163.269213543001,"S_CH4":0.374980551700073,"S_N2O":0.40898449700934,"F_CO2":58.9763006004584,"F_CH4":2.97456206709505,"F_N2O":-6.48278293459747,"D_CO2":222.24551414346,"D_CH4":3.34954261879513,"D_N2O":-6.48278293459747,"swRFV":272.909985965848,"latent":424.019274098896,"crv":370.630546457715}]}
