"","name","S_CO2","S_CH4","S_N2O","F_CO2","F_CH4","F_N2O","D_CO2","D_CH4","D_N2O","name.1","S_CO2.1","S_CH4.1","S_N2O.1","F_CO2.1","F_CH4.1","F_N2O.1","D_CO2.1","D_CH4.1","D_N2O.1"
"1","Tropical Forest",715.481930448906,18.5897095138668,11.2808552885403,-264.088404311696,-4.53053004775435,43.9477537844218,0,0,0,"Misty Mountain Top",183.54445481929,140.39500394662,446.523494486041,-264.088404311696,-4.53053004775435,43.9477537844218,0,0,0
